{"stats":{"minecraft:mined":{"minecraft:large_fern":4,"minecraft:grass_block":10,"minecraft:dirt":15,"minecraft:spruce_leaves":3,"minecraft:spruce_log":20,"minecraft:fern":1},"minecraft:used":{"minecraft:dirt":23,"minecraft:mutton":2,"minecraft:chicken":1,"minecraft:spruce_log":8},"minecraft:picked_up":{"minecraft:chicken":1,"minecraft:wheat_seeds":2,"minecraft:spruce_log":20,"minecraft:mutton":2,"minecraft:dirt":25,"minecraft:white_wool":1,"minecraft:egg":3},"minecraft:custom":{"minecraft:time_since_rest":41233,"minecraft:play_time":41233,"minecraft:sprint_one_cm":219,"minecraft:damage_taken":130,"minecraft:walk_one_cm":63498,"minecraft:mob_kills":2,"minecraft:jump":124,"minecraft:damage_dealt":283,"minecraft:leave_game":1,"minecraft:time_since_death":41233,"minecraft:total_world_time":41233,"minecraft:fall_one_cm":2253,"minecraft:fly_one_cm":266},"minecraft:crafted":{"minecraft:crafting_table":1,"minecraft:spruce_planks":8,"minecraft:stick":4},"minecraft:killed":{"minecraft:sheep":1,"minecraft:chicken":1}},"DataVersion":3120}