{"stats":{"minecraft:mined":{"minecraft:grass_block":9,"minecraft:dirt":14,"minecraft:spruce_leaves":3,"minecraft:spruce_log":18},"minecraft:used":{"minecraft:dirt":8,"minecraft:spruce_log":1},"minecraft:picked_up":{"minecraft:spruce_log":18,"minecraft:mutton":2,"minecraft:dirt":23,"minecraft:white_wool":1,"minecraft:egg":2},"minecraft:custom":{"minecraft:time_since_rest":17233,"minecraft:play_time":17233,"minecraft:sprint_one_cm":219,"minecraft:damage_taken":20,"minecraft:walk_one_cm":39958,"minecraft:mob_kills":1,"minecraft:jump":66,"minecraft:damage_dealt":140,"minecraft:leave_game":1,"minecraft:time_since_death":17233,"minecraft:total_world_time":17233,"minecraft:fall_one_cm":1233,"minecraft:fly_one_cm":106},"minecraft:killed":{"minecraft:sheep":1}},"DataVersion":3120}