{"stats":{"minecraft:mined":{"minecraft:grass_block":8,"minecraft:spruce_log":5,"minecraft:dirt":10},"minecraft:used":{"minecraft:dirt":4,"minecraft:spruce_log":1},"minecraft:picked_up":{"minecraft:spruce_log":5,"minecraft:dirt":18},"minecraft:custom":{"minecraft:jump":19,"minecraft:time_since_rest":5686,"minecraft:play_time":5686,"minecraft:time_since_death":5686,"minecraft:walk_one_cm":10651,"minecraft:total_world_time":5686,"minecraft:fall_one_cm":269,"minecraft:fly_one_cm":52}},"DataVersion":3120}