{
  "minecraft:recipes/misc/charcoal": {
    "criteria": {
      "has_log": "2024-07-04 18:38:25 +0000"
    },
    "done": true
  },
  "minecraft:recipes/building_blocks/spruce_planks": {
    "criteria": {
      "has_logs": "2024-07-04 18:38:25 +0000"
    },
    "done": true
  },
  "minecraft:recipes/building_blocks/spruce_wood": {
    "criteria": {
      "has_log": "2024-07-04 18:38:25 +0000"
    },
    "done": true
  },
  "minecraft:adventure/adventuring_time": {
    "criteria": {
      "minecraft:snowy_plains": "2024-07-04 18:37:18 +0000",
      "minecraft:snowy_taiga": "2024-07-04 18:37:42 +0000",
      "minecraft:snowy_beach": "2024-07-04 18:37:32 +0000"
    },
    "done": false
  },
  "DataVersion": 3120
}